review,predicted_sentiment
"The film was an absolute delight from start to finish. The plot was engaging and the characters were well-developed. The cinematography was stunning, and the soundtrack perfectly complemented the mood of the movie. The actors delivered their roles with such authenticity that it was easy to get lost in the story. This movie is a must-watch for anyone who loves a heartwarming and well-crafted story. I left the theater feeling uplifted and inspired. Highly recommended for a great cinematic experience!",positive
"What a fantastic film! The storyline was incredibly gripping, and the character development was top-notch. The performances were stellar, and each scene was beautifully shot. The pacing was perfect, keeping me engaged throughout. The movie managed to combine humor with emotional depth in a way that felt genuine and impactful. It’s the kind of film that stays with you long after the credits roll. If you're looking for a memorable and enjoyable movie night, this one is a winner!",positive
"This movie exceeded all my expectations. The direction was impeccable, and the script was both witty and profound. The chemistry between the lead actors was palpable, adding depth to their performances. The visual effects were mesmerizing and enhanced the storytelling in a meaningful way. The film's soundtrack was also noteworthy, adding an extra layer of emotion to the scenes. Overall, it’s a well-rounded film that offers a rich and satisfying viewing experience.",positive
"I was really disappointed with this movie. The plot was convoluted and failed to hold my interest. The acting was mediocre at best, and the film’s attempt at emotional depth felt shallow. The special effects, while flashy, did little to enhance the story. The film’s humor fell flat, and the dramatic moments felt contrived. Overall, it was an underwhelming experience that didn’t deliver on its promises.",negative
"This movie missed the mark in several ways. The storyline was clichéd and predictable, offering nothing new or engaging. The characters lacked depth, making it difficult to connect with them. The pacing was erratic, with some scenes dragging on unnecessarily. The film’s attempts at humor were forced, and the dramatic elements didn’t resonate. It’s a film that could have benefited from better writing and direction.",negative
"I was thoroughly impressed by this film. The storyline was original and kept me hooked from beginning to end. The actors delivered powerful performances, and the film's pacing was spot-on. The cinematography was exceptional, with each frame carefully crafted to enhance the narrative. The movie balanced humor and drama beautifully, making it an enjoyable watch. It’s a testament to the skill and creativity of the filmmakers. Definitely worth watching for anyone who appreciates high-quality cinema.",positive
This film was a delightful surprise. The plot was refreshing and the execution was flawless. The characters were well-written and the performances were heartfelt. The attention to detail in the set design and costumes added authenticity to the story. The film’s ability to evoke genuine emotion and keep me entertained throughout is a mark of its quality. It's a wonderful piece of cinema that I would gladly recommend to friends and family.,positive
"I found this movie to be quite disappointing. The plot was predictable and lacked originality. The character development was superficial, and the performances were underwhelming. The pacing felt sluggish, and the film seemed to drag on longer than necessary. Despite the high production values, the movie failed to engage me on an emotional level. Overall, it was a forgettable experience that didn't live up to its potential.",negative
"This film was a letdown. The story was confusing and poorly executed, leaving me more frustrated than entertained. The characters felt one-dimensional, and the dialogue was often forced and unnatural. The pacing was uneven, and the film struggled to maintain any momentum. While the visuals were decent, they couldn't compensate for the lackluster script and uninspired performances. It’s a movie that might be better suited for a background watch rather than a focused viewing.",negative
"I was not impressed with this film at all. The narrative was disjointed, and the character arcs felt incomplete. The acting was lackluster, and the dialogues were often cringeworthy. The film tried to tackle too many themes at once, leading to a muddled and incoherent story. The visual effects were decent but couldn't salvage the overall experience. It’s a forgettable film that didn’t make much of an impact.",negative
